{
    "success": true,
    "Customer": [
        {
            "sales_area": {
                "Sorg": "1010",
                "division": "23",
                "distch": "20"
            },
            "agent_code": "21937",
            "sh_code": [
                {
                    "bp_code": [
                        {
                            "payer_code": [
                                {
                                    "_id": "5c3ec361e5387d28747f1d4d",
                                    "payer_code": "2004753",
                                    "payer_name": "SURAJ CORP LTD"
                                }
                            ],
                            "_id": "5c3ec361e5387d28747f1d4c",
                            "bp_code": "2000034658",
                            "bp_name": "SURAJ CORP LTD",
                            "reg_no": "345678"
                        }
                    ],
                    "_id": "5c3ec361e5387d28747f1d4b",
                    "sh_code": "3000000092",
                    "sh_name": "SURAJ CORP LTD",
                    "sh_address": "Chennai",
                    "t_zone": "IN-HAZIRA",
                    "gc_code": "50009276473",
                    "gc_name": "SURAJ CORP LTD",
                    "sp_code": "20000324564",
                    "sp_name": "SURAJ CORP LTD"
                }
            ]
        },
        {
            "sales_area": {
                "Sorg": "1010",
                "division": "23",
                "distch": "10"
            },
            "agent_code": "20347",
            "sh_code": [
                {
                    "bp_code": [
                        {
                            "payer_code": [
                                {
                                    "_id": "5c3ec361e5387d28747f1d5c",
                                    "payer_code": "20005839",
                                    "payer_name": "NEELKAMAL LTD"
                                }
                            ],
                            "_id": "5c3ec361e5387d28747f1d5b",
                            "bp_code": "2000003677",
                            "bp_name": "NEELKAMAL LTD",
                            "reg_no": "4000376"
                        }
                    ],
                    "_id": "5c3ec361e5387d28747f1d5a",
                    "sh_code": "3000000091",
                    "sh_name": "NEELKAMAL LTD",
                    "sh_address": "Bhiwandi",
                    "t_zone": "IN-BHIWANDI",
                    "gc_code": "30009276473",
                    "gc_name": "NEELKAMAL LTD",
                    "sp_code": "20000002767",
                    "sp_name": "NEELKAMAL LTD"
                },
                {
                    "bp_code": [
                        {
                            "payer_code": [
                                {
                                    "_id": "5c3ec361e5387d28747f1d59",
                                    "payer_code": "20004037",
                                    "payer_name": "JAMAL FABRIC LTD"
                                }
                            ],
                            "_id": "5c3ec361e5387d28747f1d58",
                            "bp_code": "20000026348",
                            "bp_name": "JAMAL FABRIC LTD",
                            "reg_no": "40000276"
                        }
                    ],
                    "_id": "5c3ec361e5387d28747f1d57",
                    "sh_code": "3000000091",
                    "sh_name": "JAMAL FABRIC LTD",
                    "sh_address": "Bhiwandi",
                    "t_zone": "IN-BHIWANDI",
                    "gc_code": "50000034778",
                    "gc_name": "JAMAL FABRIC LTD",
                    "sp_code": "20000002732",
                    "sp_name": "JAMAL FABRIC LTD"
                }
            ]
        }
    ]
}