[
    {
        "material": [
            {
                "matcode": "B120MA",
                "plant": [
                    {
                        "plantcode": "1209",
                        "plantdesc": "RIL FARIDABAD",
                        "plantcat": "DISTRIBUTION CENTRE",
                        "GSTno": "293837295726"
                    }
                ],
                "matdesc": "PP B120MA",
                "HSNcode": "3357",
                "uom": "MT",
                "isActive": true
            },
            {
                "matcode": "H110MA",
                "plant": [
                    {
                        "plantcode": "1209",
                        "plantdesc": "RIL FARIDABAD",
                        "plantcat": "DISTRIBUTION CENTRE",
                        "GSTno": "423838476433"
                    }
                ],
                "matdesc": "PP H110MA",
                "HSNcode": "453789",
                "uom": "MT",
                "isActive": true
            },
            {
                "matcode": "H030SG",
                "plant": [
                    {
                        "plantcode": "1209",
                        "plantdesc": "RIL FARIDABAD",
                        "plantcat": "DISTRIBUTION CENTRE",
                        "GSTno": "43547895556"
                    }
                ],
                "matdesc": "PP H030SG",
                "HSNcode": "35465",
                "uom": "MT",
                "isActive": true
            }
        ]
    },
    {
        "material": [
            {
                "matcode": "H030SG",
                "plant": [
                    {
                        "plantcode": "3925",
                        "plantdesc": "HMD PP",
                        "plantcat": "PRODUCTION PLANT",
                        "GSTno": "29384w7893288"
                    }
                ],
                "matdesc": "PP H030SG",
                "HSNcode": "3357",
                "uom": "MT",
                "isActive": true
            }
        ]
    },
    {
        "material": [
            {
                "matcode": "H110MA",
                "plant": [
                    {
                        "plantcode": "3925",
                        "plantdesc": "HMD PP",
                        "plantcat": "PRODUCTION PLANT",
                        "GSTno": "5438744864687"
                    }
                ],
                "matdesc": "PP H110MA",
                "HSNcode": "876785",
                "uom": "MT",
                "isActive": true
            }
        ]
    }
]