{
    "server": {
        "port": 5000
    },
    "app": {
        "prefix": "/crmdod/api/v2",
        "secret": "ilovenodejsanditis"
    },
    "db": {
        "mongodb_url": "mongodb://mongo_mongo:27017/MydodDB",
        "mongodb_sess_url" :"mongodb://mongo_mongo:27017/MydodDB"
    },
    "auth": {
        "token_validity": 3600,
        "token_validity_prod": 21600,
        "cookie_validity": 3600,
        "cookie_validity_prod": 21600
    },
    "sap":{
        "get_shipment_options" :"http://devnwngd.ril.com:8000/sap/opu/odata/sap/ZAPO_GATP_ALLOCATION_SRV/",
        "get_ship_username":"P10047771",
        "get_ship_password":"Abc123"
    },
    "redisconfig": {
        "host": "127.0.0.1",
        "port": 6379
    }
}